-- Active: 1712522664993@@127.0.0.1@3306@VinaBank
/* Insert Employee Records */

INSERT INTO EMPLOYEE VALUES ('NE01', 'Neilson', DEFAULT, 'Evan','M', '480-555-8945', '3-Jun-10', NULL,'GM', 185000, NULL);
INSERT INTO EMPLOYEE VALUES ('MJ01', 'Marzeen', DEFAULT, 'Jonny','M', '602-500-8945', '3-Jun-15','NE01','Marketing', 150000, NULL);
INSERT INTO EMPLOYEE VALUES ('CG01', 'Connor', DEFAULT, 'Geoffrey','M', '480-345-8997', '3-Jun-11', 'NE01','HR', 150000, NULL);
INSERT INTO EMPLOYEE VALUES ('KM01', 'Kelly', DEFAULT, 'Mary','F', '480-345-8341', '3-Jun-12', 'CG01','HR', 80000, NULL);
INSERT INTO EMPLOYEE VALUES ('PL01', 'Pent', DEFAULT, 'Leno','M', '480-345-8007', '3-Jun-16', 'CG01','HR', 75000, NULL);
INSERT INTO EMPLOYEE VALUES ('GL01', 'Gross', DEFAULT, 'Leon','M', '480-231-8997', '3-Jun-13', 'MJ01','Marketing', 120000, NULL);
INSERT INTO EMPLOYEE VALUES ('OL01', 'Olson', DEFAULT, 'Luke','M', '480-231-8997', '3-Jun-13', 'MJ01','Marketing', 110000, NULL);
INSERT INTO EMPLOYEE VALUES ('GJ01', 'Goodwill', DEFAULT, 'Jane','F', '602-231-8877', '3-Jun-14', 'MJ01','Marketing', 105000, NULL);
INSERT INTO EMPLOYEE VALUES ('JL01', 'Jenny', DEFAULT, 'Leo','M', '480-099-8997', '3-Jun-13', 'MJ01','Marketing', 95000, NULL);
INSERT INTO EMPLOYEE VALUES ('MC01', 'Mars', DEFAULT, 'Crystal','F', '480-555-8997', '3-Jun-13','NE01','Operations', 105000, NULL);
INSERT INTO EMPLOYEE VALUES ('JJ01', 'Judas', DEFAULT, 'Joy','F', '480-005-8997', '3-Dec-13','MC01','Operations', 105001, NULL);
INSERT INTO EMPLOYEE VALUES ('JH01', 'Jackson', 'O', 'Holly','F', '781-555-3334', '20-Nov-12','NE01','Facility', 145000, NULL);
INSERT INTO EMPLOYEE VALUES ('BR02', 'Boris', 'O', 'Ray','M', '781-235-3334', '25-Nov-11','JH01','Facility', 108000, NULL);
INSERT INTO EMPLOYEE VALUES ('CJ01', 'Crawley', DEFAULT, 'Jennifer','F', '781-235-1234', '25-Nov-14','JH01','Facility', 97000, NULL);
INSERT INTO EMPLOYEE VALUES ('GZ01', 'Gregory', DEFAULT, 'Zach','M', '603-555-8765', '4-Nov-12','MC01','Operations', 75000, 'G');
INSERT INTO EMPLOYEE VALUES ('AM01', 'Abrams', DEFAULT, 'Miles','M', '617-555-6032', '3-Jun-12','GZ01','Operations', 75000, 'G');
INSERT INTO EMPLOYEE VALUES ('KS03', 'Kingman', DEFAULT, 'Sonny','F', '303-555-4548', '6-Jul-14','MC01','Operations', 85000, 'G');
INSERT INTO EMPLOYEE VALUES ('SL01', 'Stevens', DEFAULT, 'Lori','F', '802-555-3339', '4-Jun-14','MC01','Operations', 90000, 'G');
INSERT INTO EMPLOYEE VALUES ('BR01', 'Boyers', DEFAULT, 'Rita','F', '603-555-2134', '4-Mar-12','KS03','Operations', 75000, 'G');
INSERT INTO EMPLOYEE VALUES ('DH01', 'Devon', DEFAULT, 'Harley','F', '781-555-7767', '8-Jan-12','KS03','Operations', 60000, 'G');
INSERT INTO EMPLOYEE VALUES ('KS01', 'Kiley', DEFAULT, 'Susan','F', '603-555-1230', '8-Apr-13','GZ01','Operations', 55000, 'G');
INSERT INTO EMPLOYEE VALUES ('KS02', 'Kelly', DEFAULT, 'Sam','M', '603-555-0003', '10-Jun-13','SL01','Operations', 50000, 'G');
INSERT INTO EMPLOYEE VALUES ('MR01', 'Marston', DEFAULT, 'Ray','M', '781-555-2323', '14-Sep-13','KS01','Operations', 80000, 'G');
INSERT INTO EMPLOYEE VALUES ('RH01', 'Rowan', DEFAULT, 'Hal','M', '207-555-9009', '2-May-14','SL01','Operations', 56000, 'G');
INSERT INTO EMPLOYEE VALUES ('UG01', 'Unser', DEFAULT, 'Gayle','F', '203-555-8534', '1-Jul-14','KS01','Operations',80000, 'G');
INSERT INTO EMPLOYEE VALUES ('AJ01', 'Avery', 'M', 'Janice','F', '603-555-8694', '10-Jan-13','CJ01','Facility', NULL, 'H');
INSERT INTO EMPLOYEE VALUES ('MA01', 'Morrow', 'Nicholas', 'Abby','F', '207-555-7009','30-Apr-13','CJ01','Facility',NULL, 'H');
INSERT INTO EMPLOYEE VALUES ('TM01', 'Travis', DEFAULT, 'Martee','F', '203-555-4500','17-Jun-13','CJ01','Facility',NULL, 'H');
INSERT INTO EMPLOYEE VALUES ('ES01', 'Elliot', DEFAULT, 'Sarah','F', '303-555-8454','1-Sep-13','CJ01','Facility',NULL, 'H');
INSERT INTO EMPLOYEE VALUES ('GB01', 'Gabriel', 'Hunter', 'Billie','M', '617-555-6144','7-May-15','CJ01','Facility',NULL, 'H');
INSERT INTO EMPLOYEE VALUES ('HF01', 'Henderson', 'Mary', 'Fran','M', '603-555-2896','4-Jun-14','CJ01','Facility',NULL, 'H');
INSERT INTO EMPLOYEE VALUES ('PL02', 'Pam', 'L', 'Lulu','F', '603-555-8634', '20-Jan-14','CJ01','Facility',NULL, 'H');
INSERT INTO EMPLOYEE VALUES ('WJ01', 'Walker', 'L', 'Julie','F', '603-555-8634', '20-Jun-15','CJ01','Facility',NULL, 'H');
INSERT INTO EMPLOYEE VALUES ('LJ01', 'Lee', DEFAULT, 'Jenny','F', '603-655-8634', '20-Jun-16','CJ01','Facility',NULL, 'H');
INSERT INTO EMPLOYEE VALUES ('PJ01', 'Pam', 'L', 'June','F', '603-335-8634', '20-Jun-17','CJ01','Facility',NULL, 'H');
INSERT INTO EMPLOYEE VALUES ('LA01', 'Lopez', DEFAULT, 'Amy','F', '123-555-8634', '20-Jun-18','CJ01','Facility',NULL, 'H');
INSERT INTO EMPLOYEE VALUES ('MC02', 'Miles', DEFAULT, 'Candy','F', '145-995-8634', '25-Jun-19','CJ01','Facility',NULL, 'H');
INSERT INTO EMPLOYEE VALUES ('MC03', 'Marcos', DEFAULT, 'Cindy','F', '342-555-8634', '20-Dec-18','CJ01','Facility',NULL, 'H');
INSERT INTO EMPLOYEE VALUES ('JP01', 'Patel', DEFAULT, 'Jenny','F', '123-000-8634', '20-Jun-20','CJ01','Facility',NULL, 'H');


/* Additional 5 salary employees */

INSERT INTO EMPLOYEE VALUES ('LT01', 'Tung', 'S', 'Louise', 'F', '603-555-8634', '20-Jun-14', 'NE01', 'Technology', 1000000, NULL);
INSERT INTO EMPLOYEE VALUES ('GP01', 'Pama', DEFAULT, 'Geoffrey', 'M', '603-555-8634', '20-Jun-18', 'LT01', 'Technology', 80000, NULL);
INSERT INTO EMPLOYEE VALUES ('JG01', 'Goodman', DEFAULT, 'Jenna', 'F', '603-555-8634', '20-Jun-15', 'LT01', 'Technology', 80000, NULL);
INSERT INTO EMPLOYEE VALUES ('LC01', 'Chapper', DEFAULT, 'Lou', 'M','603-555-8634', '20-Jun-19', 'LT01', 'Technology', 80000, NULL);
INSERT INTO EMPLOYEE VALUES ('NL01', 'Lambert', DEFAULT, 'Nick', 'M','603-555-8634', '20-Jun-20', 'LT01', 'Technology', 80000, NULL);


/* Insert Condo Records */

INSERT INTO CONDO VALUES ('A', '101', 1030, 2, 1, 130.00);
INSERT INTO CONDO VALUES ('A', '102', 1164, 2, 2, 145.00);
INSERT INTO CONDO VALUES ('A', '103', 845, 1, 1, 110.00);
INSERT INTO CONDO VALUES ('A', '104', 1164, 2, 2, 145.00);
INSERT INTO CONDO VALUES ('A', '105', 1575, 3, 2, 160.00);
INSERT INTO CONDO VALUES ('A', '201', 1030, 2, 1, 130.00);
INSERT INTO CONDO VALUES ('A', '202', 1164, 2, 2, 145.00);
INSERT INTO CONDO VALUES ('A', '203', 845, 1, 1, 110.00);
INSERT INTO CONDO VALUES ('A', '204', 1164, 2, 2, 145.00);
INSERT INTO CONDO VALUES ('A', '205', 1575, 3, 2, 160.00);
INSERT INTO CONDO VALUES ('A', '301', 1030, 2, 1, 130.00);
INSERT INTO CONDO VALUES ('A', '302', 1164, 2, 2, 145.00);
INSERT INTO CONDO VALUES ('A', '303', 845, 1, 1, 110.00);
INSERT INTO CONDO VALUES ('A', '304', 1164, 2, 2, 145.00);
INSERT INTO CONDO VALUES ('A', '305', 1575, 3, 2, 160.00);
INSERT INTO CONDO VALUES ('B', '101', 1030, 2, 1, 130.00);
INSERT INTO CONDO VALUES ('B', '102', 1164, 2, 2, 145.00);
INSERT INTO CONDO VALUES ('B', '103', 845, 1, 1, 110.00);
INSERT INTO CONDO VALUES ('B', '104', 1164, 2, 2, 145.00);
INSERT INTO CONDO VALUES ('B', '105', 1575, 3, 2, 160.00);
INSERT INTO CONDO VALUES ('B', '201', 1030, 2, 1, 130.00);
INSERT INTO CONDO VALUES ('B', '202', 1164, 2, 2, 145.00)
INSERT INTO CONDO VALUES ('B', '203', 845, 1, 1, 110.00);
INSERT INTO CONDO VALUES ('B', '204', 1164, 2, 2, 145.00);
INSERT INTO CONDO VALUES ('B', '205', 1164, 2, 2, 145.00);
INSERT INTO CONDO VALUES ('B', '2050', 1575, 3, 2, 160.00);
INSERT INTO CONDO VALUES ('B', '301', 1030, 2, 1, 130.00);
INSERT INTO CONDO VALUES ('B', '302', 1164, 2, 2, 145.00);
INSERT INTO CONDO VALUES ('B', '303', 845, 1, 1, 110.00);
INSERT INTO CONDO VALUES ('B', '304', 1164, 2, 2, 145.00);
INSERT INTO CONDO VALUES ('B', '305', 1575, 3, 2, 160.00);
INSERT INTO CONDO VALUES ('C', '101', 1030, 2, 1, 130.00);
INSERT INTO CONDO VALUES ('C', '102', 1164, 2, 2, 145.00);
INSERT INTO CONDO VALUES ('C', '103', 845, 1, 1, 110.00);
INSERT INTO CONDO VALUES ('C', '104', 1164, 2, 2, 145.00);
INSERT INTO CONDO VALUES ('C', '105', 1575, 3, 2, 160.00);
INSERT INTO CONDO VALUES ('C', '201', 1030, 2, 1, 130.00);
INSERT INTO CONDO VALUES ('C', '202', 1164, 2, 2, 145.00);
INSERT INTO CONDO VALUES ('C', '203', 845, 1, 1, 110.00);
INSERT INTO CONDO VALUES ('C', '204', 1164, 2, 2, 145.00);
INSERT INTO CONDO VALUES ('C', '205', 1575, 3, 2, 160.00);
INSERT INTO CONDO VALUES ('C', '301', 1030, 2, 1, 130.00);
INSERT INTO CONDO VALUES ('C', '302', 1164, 2, 2, 145.00);
INSERT INTO CONDO VALUES ('C', '303', 845, 1, 1, 110.00);
INSERT INTO CONDO VALUES ('C', '304', 1164, 2, 2, 145.00);
INSERT INTO CONDO VALUES ('C', '305', 1575, 3, 2, 160.00);


/* Insert Guest Records */

INSERT INTO GUEST VALUES ('G1', 'Northwood', 'Liam', '2011 Lemon', 'Springfield', 'MA', '413-555-3212', 'Stephanie');
INSERT INTO GUEST VALUES ('G2', 'Ocean', 'Kyle', '3847 Brookwood', 'Athens', 'GA', '404-555-9123', 'Alice');
INSERT INTO GUEST VALUES ('G3', 'Kastoff', 'Sandra', '123 University', 'Ocean City', 'NJ', '609-555-7677', 'John');
INSERT INTO GUEST VALUES ('G4', 'Geoff', 'Bess', '3022 Silver', 'York', 'NY', '585-555-3333', 'Pete');
INSERT INTO GUEST VALUES ('G5', 'McLean', 'Adam', '2222 Orange', 'Rome', 'ME', '207-555-5663', 'Judy');
INSERT INTO GUEST VALUES ('G6', 'Montana', 'Ben', '1355 Hilmes', 'Denver', 'CO', '303-555-1123', 'Carrie');
INSERT INTO GUEST VALUES ('G7', 'Marchand', 'June', '390 W. Chandler Blvd', 'Fairfield', 'CT', '860-555-4464', 'Sam');
INSERT INTO GUEST VALUES ('G8', 'Rufalo', 'Sadie', '2044 E. Forest', 'Sommerville', 'MA', '617-555-2233', 'Tom');
INSERT INTO GUEST VALUES ('G9', 'Caron', 'Karen', '222 Orange', 'Portland', 'OR', '541-555-3778', 'Brick');
INSERT INTO GUEST VALUES ('G10', 'Benson', 'Paul', '310 Stanford', 'Vernon', 'CT', '203-555-5542', 'Bella');
INSERT INTO GUEST VALUES ('G11', 'Jones', 'Steve', '200 Folger', 'Flagstaff', 'AZ', '520-555-9890', 'Diane');
INSERT INTO GUEST VALUES ('G12', 'Vincent', 'Martha', '455 Holger', 'San Jose', 'CA', '626-555-0907', 'Chandler');
INSERT INTO GUEST VALUES ('G13', 'Mura', 'Laura', '30221 Brook', 'Henderson', 'NV', '702-555-2265', 'George');
INSERT INTO GUEST VALUES ('G14', 'Chapman', 'Jack', '450 Amberwood', 'Edinboro', 'PA', '814-555-0990', 'Sarah');
INSERT INTO GUEST VALUES ('G15', 'Gernowski', 'Mike', '980 Backwoods', 'Bethesda', 'MD', '301-555-3356', 'Janet');
INSERT INTO GUEST VALUES ('G16', 'Borak', 'Iris', '300 Newland', 'Manchester', 'NH', '603-555-7777', 'Eddie');
INSERT INTO GUEST VALUES ('G17', 'Henderson', 'Ryan', '677 Gain', 'Helena', 'MT', '406-555-0020', 'Elliot');
INSERT INTO GUEST VALUES ('G18', 'Barnett', 'Curtis', '566 Grant St.', 'Edmonton', 'AB', '403-555-2232', 'Mary Ann');
INSERT INTO GUEST VALUES ('G19', 'Tulsa', 'Tony', '333 Greenway', 'Salt Lake City', 'UT', '801-555-8897', 'Evelyn');
INSERT INTO GUEST VALUES ('G20', 'Peterson', 'Brooke', '444 Broadway', 'Yuma', 'AZ', '928-555-4334', 'Greg');
INSERT INTO GUEST VALUES ('G21', 'Jeffreys', 'Tim', '105 Milky Way', 'Glendale', 'CA', '909-555-1136', 'Suzanne');
INSERT INTO GUEST VALUES ('G22', 'Brown', 'Phil', '600 Southern', 'Grand Junction', 'CO', '720-555-3003', 'Ann');
INSERT INTO GUEST VALUES ('G23', 'Thomas', 'Sue', '805 Rural', 'Boise', 'ID', '208-555-8073', 'Bob');
INSERT INTO GUEST VALUES ('G24', 'Miles', 'Tony', '2345 E. Brookwood. Rd', 'San Diego', 'CA', '858-456-1235', 'Lesly');
INSERT INTO GUEST VALUES ('G25', 'Applegate', 'Vance', '234 Holger St.', 'San Jose', 'CA', '408-123-6712', 'Tammy');
INSERT INTO GUEST VALUES ('G26', 'Sanghi', 'Robert', '2334 W. Amberwood', 'Pasadena', 'CA', '408-123-6451','Sally');
INSERT INTO GUEST VALUES ('G27', 'Huang', 'Jackie','3410 E. Briarwood', 'San Antonio', 'TX', '458-123-0012','Wonda');


/* Insert Activity Records */

INSERT INTO ACTIVITY VALUES ('H1', 'Eagle Falls', 4, 15.00, 5, 'Hike');
INSERT INTO ACTIVITY VALUES ('H2', 'Vail Mountain', 2, 10.00, 3, 'Hike');
INSERT INTO ACTIVITY VALUES ('H3', 'Spruce Saddle Loop', 1, 5.00, 2, 'Hike');
INSERT INTO ACTIVITY VALUES ('H4', 'Nottingham Park', 1, 5.00, 1, 'Hike');
INSERT INTO ACTIVITY VALUES ('H5', 'Cordillera', 3, 10.00, 4, 'Hike');
INSERT INTO ACTIVITY VALUES ('B1', 'Beaver Creek Mountain', 3, 15.00, 6, 'Bike');
INSERT INTO ACTIVITY VALUES ('B2', 'Avon', 3, 15.00, 10, 'Bike');
INSERT INTO ACTIVITY VALUES ('B3', 'White River National Park', 4, 20.00, 12, 'Bike');
INSERT INTO ACTIVITY VALUES ('B4', 'Vail Village', 2, 10.00, 8, 'Bike');
INSERT INTO ACTIVITY VALUES ('B5', 'Eagle Valley', 2, 10.00, 9, 'Bike');
INSERT INTO ACTIVITY VALUES ('R1', 'Upper Colorado River', 4, 25.00, 15, 'Rafting');
INSERT INTO ACTIVITY VALUES ('R2', 'Rancho Del Rio', 3, 10.00, 8, 'Rafting');
INSERT INTO ACTIVITY VALUES ('R3', 'White River', 4, 25.00, 12, 'Rafting');
INSERT INTO ACTIVITY VALUES ('R4', 'Beaver Creek', 4, 25.00, 16, 'Rafting');
INSERT INTO ACTIVITY VALUES ('R5', 'Eagle River', 4, 25.00, 20, 'Rafting');
INSERT INTO ACTIVITY VALUES ('R6', 'Upper Gore Creek', 4, 25.00, 12, 'Rafting');
INSERT INTO ACTIVITY VALUES ('R7', 'Arkansas River', 6, 30.00, 30, 'Rafting');
INSERT INTO ACTIVITY VALUES ('HB1', '4 Eagle Ranch', 4, 30.00, 10, 'Horseback');
INSERT INTO ACTIVITY VALUES ('HB2', 'Black Mountain Ranch', 4, 30.00, 12, 'Horseback');
INSERT INTO ACTIVITY VALUES ('HB3', 'Triple G Ranch', 3, 20.00, 6, 'Horseback');
INSERT INTO ACTIVITY VALUES ('H6', 'Bradbury - North Peak', 4, 15.00, 8, 'Hike');
INSERT INTO ACTIVITY VALUES ('B6', 'Bradbury - West Peak', 4, 15.00, 5, 'Bike');
INSERT INTO ACTIVITY VALUES ('HB4', 'Cadillac Mountain', 2, 10.00, 4, 'Horseback');
INSERT INTO ACTIVITY VALUES ('B7', 'Adams Park Loop', 2, 5.00, 1, 'Bike');
INSERT INTO ACTIVITY VALUES ('R8', 'Lower Gore Creek', 4, 25.00, 15, 'Rafting');
INSERT INTO ACTIVITY VALUES ('B8', 'Welch Trail Ride', 4, 25.00, 15, 'Bike');
INSERT INTO ACTIVITY VALUES ('HB5', 'Westfield River Loop', 6, 30.00, 20, 'Horseback');
INSERT INTO ACTIVITY VALUES ('H7', 'McLennan Reserve', 2, 10.00, 6, 'Hike');
INSERT INTO ACTIVITY VALUES ('B9', 'Masons Farm', 3, 15.00, 12, 'Bike');
INSERT INTO ACTIVITY VALUES ('H8', 'Whitefield', 2, 15.00, 6, 'Hike');


/* Insert Housekeeper Records */

INSERT INTO HOUSEKEEPER VALUES ('TM01','Shift 1','Perm');
INSERT INTO HOUSEKEEPER VALUES ('AJ01','Shift 1','Perm');
INSERT INTO HOUSEKEEPER VALUES ('ES01','Shift 1','Perm');
INSERT INTO HOUSEKEEPER VALUES ('JH01','Shift 2','Temp');
INSERT INTO HOUSEKEEPER VALUES ('HF01','Shift 2','Temp');
INSERT INTO HOUSEKEEPER VALUES ('GB01','Shift 3','Temp');
INSERT INTO HOUSEKEEPER VALUES ('PL02', 'Shift 2','Temp');
INSERT INTO HOUSEKEEPER VALUES ('WJ01','Shift 2','Temp');
INSERT INTO HOUSEKEEPER VALUES ('LJ01', 'Shift 2','Temp');
INSERT INTO HOUSEKEEPER VALUES ('PJ01','Shift 3','Temp');
INSERT INTO HOUSEKEEPER VALUES ('LA01','Shift 3','Temp');
INSERT INTO HOUSEKEEPER VALUES ('MA01','Shift 3','Temp');
INSERT INTO HOUSEKEEPER VALUES ('MC02','Shift 1','Perm');
INSERT INTO HOUSEKEEPER VALUES ('JP01','Shift 2','Temp');
INSERT INTO HOUSEKEEPER VALUES ('MC03','Shift 5','Temp');


/* Insert Guide Records */

INSERT INTO GUIDE VALUES ('AM01', 'Level 2', '12-Aug-18', '13-Aug-20');
INSERT INTO GUIDE VALUES ('BR01', 'Level 2', '6-Jun-20', '6-Jun-22');
INSERT INTO GUIDE VALUES ('DH01', 'Level 1', '3-Jun-19', '3-Jun-22');
INSERT INTO GUIDE VALUES ('GZ01', 'Level 2', '5-Jul-20', '1-Jul-22');
INSERT INTO GUIDE VALUES ('KS01', 'Level 1','12-Jul-19', '11-Jul-19');
INSERT INTO GUIDE VALUES ('KS02', 'Level 1','5-Aug-19', '5-Aug-21');
INSERT INTO GUIDE VALUES ('MR01', 'Level 2', '27-Jun-19', '20-Jun-21');
INSERT INTO GUIDE VALUES ('RH01', 'Level 1', '21-Jul-19', '20-Jul-21');
INSERT INTO GUIDE VALUES ('SL01', 'Level 3', '18-Aug-18', '10-Aug-21');
INSERT INTO GUIDE VALUES ('UG01', 'Level 2', '30-Jul-20', '29-Jul-22');
INSERT INTO GUIDE VALUES ('KS03', 'Level 3', '12-May-20', '11-May-22');
INSERT INTO GUIDE VALUES ('MC01', 'Level 3', '22-May-19', '22-May-21');
INSERT INTO GUIDE VALUES ('SS01', 'Level 3', '22-May-19', '20-May-21');


/* Insert Guilde_Level Records */

INSERT INTO GUIDE_LEVEL VALUES ('Level 1', 'White', 80);
INSERT INTO GUIDE_LEVEL VALUES ('Level 2', 'Green', 120);
INSERT INTO GUIDE_LEVEL VALUES ('Level 3', 'Blue', 160);


/* Insert Booking Records */

INSERT INTO BOOKING VALUES ('C',101,'G4', '29-Jun-21', '6-Jul-21', DEFAULT);
INSERT INTO BOOKING VALUES ('B',102,'G8', '29-Jul-20', '5-Aug-20', DEFAULT);
INSERT INTO BOOKING VALUES ('C',103,'G8', '27-Jul-21', '3-Aug-21', DEFAULT);
INSERT INTO BOOKING VALUES ('A',104,'G1', '20-May-20', '27-May-20', DEFAULT);
INSERT INTO BOOKING VALUES ('A',105,'G4', '1-Jul-20', '8-Jul-20', DEFAULT);
INSERT INTO BOOKING VALUES ('B',201,'G1', '18-May-21', '25-May-21', DEFAULT);
INSERT INTO BOOKING VALUES ('B',202,'G13', '8-Jul-20', '15-Jul-20', DEFAULT);
INSERT INTO BOOKING VALUES ('C',203,'G13', '6-Jul-21', '13-Jul-21', DEFAULT);
INSERT INTO BOOKING VALUES ('C',204,'G15', '5-Aug-20', '12-Aug-20', DEFAULT);
INSERT INTO BOOKING VALUES ('B',205,'G15', '3-Aug-21', '10-Aug-21', DEFAULT);
INSERT INTO BOOKING VALUES ('A',301,'G21', '29-Jul-20', '5-Aug-20', DEFAULT);
INSERT INTO BOOKING VALUES ('A',302,'G21', '27-Jul-21', '3-Aug-21', DEFAULT);
INSERT INTO BOOKING VALUES ('B',303,'G9', '17-Jun-20', '24-Jun-20', DEFAULT);
INSERT INTO BOOKING VALUES ('B',304,'G9', '15-Jun-21', '22-Jun-21', DEFAULT);
INSERT INTO BOOKING VALUES ('A',305,'G27','10-Oct-21', '13-Oct-21', DEFAULT);
INSERT INTO BOOKING VALUES ('B',101,'G3', '8-Jun-21', '15-Jun-21', DEFAULT);
INSERT INTO BOOKING VALUES ('C',102,'G10', '17-Jun-20', '24-Jun-20', DEFAULT);
INSERT INTO BOOKING VALUES ('A',103,'G10', '15-Jun-21', '22-Jun-21', DEFAULT);
INSERT INTO BOOKING VALUES ('A',104,'G10', '12-Aug-20', '19-Aug-20', DEFAULT);
INSERT INTO BOOKING VALUES ('A',105,'G13', '10-Sep-21', '15-Sep-21', DEFAULT);
INSERT INTO BOOKING VALUES ('B',201,'G3', '10-Jun-20', '17-Jun-20', DEFAULT);
INSERT INTO BOOKING VALUES ('C',202,'G10', '10-Aug-21', '17-Aug-21', DEFAULT);
INSERT INTO BOOKING VALUES ('A',203,'G21','6-Jul-21', '13-Jul-21', DEFAULT);
INSERT INTO BOOKING VALUES ('A',204,'G21', '8-Jul-20', '15-Jul-20', DEFAULT);
INSERT INTO BOOKING VALUES ('A',205,'G15', '29-Jun-21', '6-Jul-21', DEFAULT);
INSERT INTO BOOKING VALUES ('A',301,'G8', '26-Aug-20', '2-Sep-20', DEFAULT);
INSERT INTO BOOKING VALUES ('A',302,'G8', '24-Aug-21', '31-Aug-21', DEFAULT);
INSERT INTO BOOKING VALUES ('B',303,'G1', '22-Jul-20', '29-Jul-20', DEFAULT);
INSERT INTO BOOKING VALUES ('B',304,'G1', '20-Jul-21', '27-Jul-21', DEFAULT);
INSERT INTO BOOKING VALUES ('C',305,'G15', '1-Jul-20', '8-Jul-20', DEFAULT);
INSERT INTO BOOKING VALUES ('C',101,'G8', '19-Aug-20', '26-Aug-20', DEFAULT);
INSERT INTO BOOKING VALUES ('A',102,'G8', '17-Aug-21', '24-Aug-21', DEFAULT);
INSERT INTO BOOKING VALUES ('A',103,'G11', '8-Jun-21', '15-Jun-21', DEFAULT);
INSERT INTO BOOKING VALUES ('A',104,'G11', '8-Jul-20', '15-Jul-20', DEFAULT);
INSERT INTO BOOKING VALUES ('A',105,'G11', '6-Jul-21', '13-Jul-21', DEFAULT);
INSERT INTO BOOKING VALUES ('B',201,'G14', '24-Jun-20', '1-Jul-20', DEFAULT);
INSERT INTO BOOKING VALUES ('B',202,'G14', '22-Jun-21', '29-Jun-21', DEFAULT);
INSERT INTO BOOKING VALUES ('C',203,'G11', '10-Jun-20', '17-Jun-20', DEFAULT);
INSERT INTO BOOKING VALUES ('C',204,'G9', '5-Aug-20', '12-Aug-20', DEFAULT);
INSERT INTO BOOKING VALUES ('C',205,'G9', '3-Jun-20', '10-Jun-20', DEFAULT);
INSERT INTO BOOKING VALUES ('B',301,'G9', '3-Aug-20', '10-Aug-20', DEFAULT);
INSERT INTO BOOKING VALUES ('B',302,'G9', '1-Jun-21', '8-Jun-21', DEFAULT);
INSERT INTO BOOKING VALUES ('A',303,'G9', '15-Jul-20', '22-Jul-20', DEFAULT);
INSERT INTO BOOKING VALUES ('A',304,'G9', '13-Jul-21', '20-Jul-21', DEFAULT);
INSERT INTO BOOKING VALUES ('C',305,'G4', '29-Jun-21', '6-Jul-21', DEFAULT);
INSERT INTO BOOKING VALUES ('C',101,'G13', '29-Jul-20', '5-Aug-20', DEFAULT);
INSERT INTO BOOKING VALUES ('C',102,'G13', '27-Jul-21', '3-Aug-21', DEFAULT);
INSERT INTO BOOKING VALUES ('A',103,'G9', '20-May-20', '27-May-20', DEFAULT);
INSERT INTO BOOKING VALUES ('A',104,'G4', '1-Jul-20', '8-Jul-20', DEFAULT);
INSERT INTO BOOKING VALUES ('B',105,'G9', '18-May-21', '25-May-21', DEFAULT);
INSERT INTO BOOKING VALUES ('A',201,'G13', '12-Aug-20', '19-Aug-20', DEFAULT);
INSERT INTO BOOKING VALUES ('C',202,'G13', '10-Aug-20', '17-Aug-20', DEFAULT);
INSERT INTO BOOKING VALUES ('A',203,'G24','5-Mar-21', '7-Mar-21', DEFAULT);
INSERT INTO BOOKING VALUES ('A',204,'G6', '8-Jul-20', '15-Jul-20', DEFAULT);
INSERT INTO BOOKING VALUES ('A',205,'G6', '6-Jul-21', '13-Jul-21', DEFAULT);
INSERT INTO BOOKING VALUES ('A',301,'G6', '20-May-20', '27-May-20', DEFAULT);
INSERT INTO BOOKING VALUES ('A',302,'G10', '19-Aug-20', '26-Aug-20', DEFAULT);
INSERT INTO BOOKING VALUES ('B',303,'G6', '18-May-21', '25-May-21', DEFAULT);
INSERT INTO BOOKING VALUES ('B',304,'G3', '17-Jun-20', '24-Jun-20', DEFAULT);
INSERT INTO BOOKING VALUES ('B',305,'G10', '17-Aug-20', '24-Aug-20', DEFAULT);
INSERT INTO BOOKING VALUES ('C',101,'G3', '15-Jun-21', '22-Jun-21', DEFAULT);
INSERT INTO BOOKING VALUES ('C',102,'G6', '15-Jul-20', '22-Jul-20', DEFAULT);
INSERT INTO BOOKING VALUES ('B',103,'G6', '13-Jul-21', '20-Jul-21', DEFAULT);
INSERT INTO BOOKING VALUES ('B',104,'G6', '12-Aug-20', '19-Aug-20', DEFAULT);
INSERT INTO BOOKING VALUES ('B',105,'G6', '10-Aug-21', '17-Aug-21', DEFAULT);
INSERT INTO BOOKING VALUES ('A',201,'G19', '8-Jul-20', '15-Jul-20', DEFAULT);
INSERT INTO BOOKING VALUES ('A',202,'G19', '6-Jul-21', '13-Jul-21', DEFAULT);
INSERT INTO BOOKING VALUES ('A',203,'G5', '5-Aug-20', '12-Aug-20', DEFAULT);
INSERT INTO BOOKING VALUES ('A',204,'G5', '3-Aug-21', '10-Aug-21', DEFAULT);
INSERT INTO BOOKING VALUES ('A',205,'G2', '29-Jun-21', '6-Jul-21', DEFAULT);
INSERT INTO BOOKING VALUES ('A',301,'G2', '27-May-20', '3-Jun-20', DEFAULT);
INSERT INTO BOOKING VALUES ('A',302,'G2', '25-May-21', '1-Jun-21', DEFAULT);
INSERT INTO BOOKING VALUES ('B',303,'G2', '1-Jul-20', '8-Jul-20', DEFAULT);
INSERT INTO BOOKING VALUES ('B',304,'G22', '8-Jun-21', '15-Jun-21', DEFAULT);
INSERT INTO BOOKING VALUES ('B',305,'G22', '10-Jun-20', '17-Jun-20', DEFAULT);
INSERT INTO BOOKING VALUES ('B',101,'G1','29-Jun-21', '6-Jul-21', DEFAULT);
INSERT INTO BOOKING VALUES ('B',102,'G1', '29-Jul-20', '5-Aug-20', DEFAULT);
INSERT INTO BOOKING VALUES ('C',103,'G1', '27-Jul-21', '3-Aug-21', DEFAULT);
INSERT INTO BOOKING VALUES ('C',104,'G1', '1-Jul-20', '8-Jul-20', DEFAULT);
INSERT INTO BOOKING VALUES ('C',105,'G4', '19-Aug-20', '26-Aug-20', DEFAULT);
INSERT INTO BOOKING VALUES ('C',201,'G4', '17-Jun-20', '24-Jun-20', DEFAULT);
INSERT INTO BOOKING VALUES ('A',202,'G4', '17-Aug-21', '24-Aug-21', DEFAULT);
INSERT INTO BOOKING VALUES ('A',203,'G4', '15-Jun-21', '22-Jun-21', DEFAULT);
INSERT INTO BOOKING VALUES ('A',204,'G19', '20-May-20', '27-May-20', DEFAULT);
INSERT INTO BOOKING VALUES ('A',205,'G19', '18-May-21', '25-May-21', DEFAULT);
INSERT INTO BOOKING VALUES ('C',301,'G14', '8-Jun-21', '15-Jun-21', DEFAULT);
INSERT INTO BOOKING VALUES ('C',302,'G14', '10-Jun-20', '17-Jun-20', DEFAULT);
INSERT INTO BOOKING VALUES ('C',303,'G17', '3-Jun-20', '10-Jun-20', DEFAULT);
INSERT INTO BOOKING VALUES ('C',304,'G17', '1-Jun-21', '8-Jun-21', DEFAULT);
INSERT INTO BOOKING VALUES ('C',305,'G17', '12-Aug-20', '19-Aug-20', DEFAULT);
INSERT INTO BOOKING VALUES ('C',101,'G17', '10-Aug-21', '17-Aug-21', DEFAULT);
INSERT INTO BOOKING VALUES ('B',102,'G8', '29-Jun-21', '6-Jul-21', DEFAULT);
INSERT INTO BOOKING VALUES ('B',103,'G8', '24-Jun-20', '1-Jul-20', DEFAULT);
INSERT INTO BOOKING VALUES ('C',104,'G8', '22-Jun-21', '29-Jun-21', DEFAULT);
INSERT INTO BOOKING VALUES ('A',105,'G8', '1-Jul-20', '8-Jul-20', DEFAULT);
INSERT INTO BOOKING VALUES ('A',201,'G25','5-Aug-21', '9-Aug-21', DEFAULT);
INSERT INTO BOOKING VALUES ('B',202,'G16', '5-Aug-20', '12-Aug-20', DEFAULT);
INSERT INTO BOOKING VALUES ('B',203,'G16', '3-Aug-21', '10-Aug-21', DEFAULT);
INSERT INTO BOOKING VALUES ('A',204,'G22', '29-Jun-21', '6-Jul-21', DEFAULT);
INSERT INTO BOOKING VALUES ('C',205,'G22', '26-Aug-20', '2-Sep-20', DEFAULT);
INSERT INTO BOOKING VALUES ('A',301,'G22', '24-Aug-21', '31-Aug-21', DEFAULT);
INSERT INTO BOOKING VALUES ('A',302,'G16', '22-Jul-20', '29-Jul-20', DEFAULT);
INSERT INTO BOOKING VALUES ('B',303,'G16', '20-Jul-21', '27-Jul-21', DEFAULT);
INSERT INTO BOOKING VALUES ('A',304,'G22', '1-Jul-20', '8-Jul-20', DEFAULT);
INSERT INTO BOOKING VALUES ('C',305,'G10', '17-Jun-20', '24-Jun-20', DEFAULT);
INSERT INTO BOOKING VALUES ('C',101,'G10', '15-Jun-21', '22-Jun-21', DEFAULT);
INSERT INTO BOOKING VALUES ('A',102,'G17', '3-Jun-20', '10-Jun-20', DEFAULT);
INSERT INTO BOOKING VALUES ('A',103,'G17', '1-Jun-21', '8-Jun-21', DEFAULT);
INSERT INTO BOOKING VALUES ('A',104,'G12', '24-Jun-20', '1-Jul-20', DEFAULT);
INSERT INTO BOOKING VALUES ('A',105,'G12', '22-Jun-21', '29-Jun-21', DEFAULT);
INSERT INTO BOOKING VALUES ('C',201,'G12', '22-Jul-20', '29-Aug-20', DEFAULT);
INSERT INTO BOOKING VALUES ('C',202,'G12', '20-Jul-21', '27-Jul-21', DEFAULT);
INSERT INTO BOOKING VALUES ('B',203,'G14', '19-Aug-20', '26-Aug-20', DEFAULT);
INSERT INTO BOOKING VALUES ('B',204,'G14', '17-Aug-21', '24-Aug-21', DEFAULT);
INSERT INTO BOOKING VALUES ('C',205,'G12', '12-Aug-20', '19-Aug-20', DEFAULT);
INSERT INTO BOOKING VALUES ('C',301,'G12', '10-Aug-21', '17-Aug-21', DEFAULT);
INSERT INTO BOOKING VALUES ('A',302,'G21', '5-Aug-20', '12-Aug-20', DEFAULT);
INSERT INTO BOOKING VALUES ('A',303,'G21', '3-Aug-21', '10-Aug-21', DEFAULT);
INSERT INTO BOOKING VALUES ('B',304,'G19', '26-Aug-20', '2-Sep-20', DEFAULT);
INSERT INTO BOOKING VALUES ('B',305,'G19', '24-Aug-21', '31-Aug-21', DEFAULT);
INSERT INTO BOOKING VALUES ('C',101,'G22', '5-Aug-20', '12-Aug-20', DEFAULT);
INSERT INTO BOOKING VALUES ('C',102,'G22', '3-Aug-21', '10-Aug-21', DEFAULT);
INSERT INTO BOOKING VALUES ('A',103,'G22', '29-Jun-21', '6-Jul-21', DEFAULT);
INSERT INTO BOOKING VALUES ('A',104,'G20', '26-Aug-20', '2-Sep-20', DEFAULT);
INSERT INTO BOOKING VALUES ('A',105,'G20', '24-Aug-21', '31-Aug-21', DEFAULT);
INSERT INTO BOOKING VALUES ('B',201,'G22', '1-Jul-20', '8-Jul-20', DEFAULT);
INSERT INTO BOOKING VALUES ('B',202,'G13', '15-Jul-20', '22-Jul-20', DEFAULT);
INSERT INTO BOOKING VALUES ('C',203,'G13', '13-Jul-21', '20-Jul-21', DEFAULT);
INSERT INTO BOOKING VALUES ('A',204,'G16', '8-Jul-20', '15-Jul-20', DEFAULT);
INSERT INTO BOOKING VALUES ('A',205,'G16', '6-Jul-21', '13-Jul-21', DEFAULT);
INSERT INTO BOOKING VALUES ('B',301,'G16', '29-Jun-21', '6-Jul-21', DEFAULT);
INSERT INTO BOOKING VALUES ('B',302,'G16', '29-Jul-20', '5-Aug-20', DEFAULT);
INSERT INTO BOOKING VALUES ('C',303,'G16', '27-Jul-21', '3-Aug-21', DEFAULT);
INSERT INTO BOOKING VALUES ('C',304,'G17', '20-May-20', '27-May-20', DEFAULT);
INSERT INTO BOOKING VALUES ('B',305,'G16', '1-Jul-20', '8-Jul-20', DEFAULT);
INSERT INTO BOOKING VALUES ('A',101,'G17', '18-May-21', '25-May-21', DEFAULT);
INSERT INTO BOOKING VALUES ('A',102,'G10', '26-Aug-20', '2-Sep-20', DEFAULT);
INSERT INTO BOOKING VALUES ('A',103,'G10', '24-Aug-21', '31-Aug-21', DEFAULT);
INSERT INTO BOOKING VALUES ('B',104,'G10', '22-Jul-20', '29-Jul-20', DEFAULT);
INSERT INTO BOOKING VALUES ('B',105,'G10', '20-Jul-21', '27-Jul-21', DEFAULT);
INSERT INTO BOOKING VALUES ('C',201,'G10', '16-Jun-20', '24-Jun-20', DEFAULT);
INSERT INTO BOOKING VALUES ('C',202,'G10', '15-Jun-21', '22-Jun-21', DEFAULT);
INSERT INTO BOOKING VALUES ('A',203,'G23', '8-Jul-20', '15-Jul-20', DEFAULT);
INSERT INTO BOOKING VALUES ('A',204,'G23', '6-Jul-21', '13-Jul-21', DEFAULT);
INSERT INTO BOOKING VALUES ('B',205,'G23', '29-Jul-20', '5-Aug-20', DEFAULT);
INSERT INTO BOOKING VALUES ('B',301,'G23', '27-Jul-21', '3-Aug-21', DEFAULT);
INSERT INTO BOOKING VALUES ('C',302,'G23', '26-Aug-20', '2-Sep-20', DEFAULT);
INSERT INTO BOOKING VALUES ('C',303,'G23', '24-Aug-21', '31-Aug-21', DEFAULT);
INSERT INTO BOOKING VALUES ('A',304,'G18', '20-May-20', '27-May-20', DEFAULT);
INSERT INTO BOOKING VALUES ('B',305,'G18', '18-May-21', '25-May-21', DEFAULT);
INSERT INTO BOOKING VALUES ('B',101,'G23', '12-Aug-20', '19-Aug-20', DEFAULT);
INSERT INTO BOOKING VALUES ('B',102,'G23', '10-Aug-21', '17-Aug-21', DEFAULT);
INSERT INTO BOOKING VALUES ('A',103,'G3', '29-Jun-21', '6-Jul-21', DEFAULT);
INSERT INTO BOOKING VALUES ('A',104,'G3', '24-Jun-20', '1-Jul-20', DEFAULT);
INSERT INTO BOOKING VALUES ('B',105,'G3', '22-Jun-21', '29-Jun-21', DEFAULT);
INSERT INTO BOOKING VALUES ('B',201,'G3', '1-Jul-20', '8-Jul-20', DEFAULT);
INSERT INTO BOOKING VALUES ('C',202,'G21', '8-Jul-20', '15-Jul-20', DEFAULT);
INSERT INTO BOOKING VALUES ('A',203,'G21', '6-Jul-21', '13-Jul-21', DEFAULT);
INSERT INTO BOOKING VALUES ('B',204,'G20', '3-Jun-20', '10-Jun-20', DEFAULT);
INSERT INTO BOOKING VALUES ('C',205,'G20', '1-Jun-21', '8-Jun-21', DEFAULT);
INSERT INTO BOOKING VALUES ('B',301,'G20', '12-Aug-20', '19-Aug-20', DEFAULT);
INSERT INTO BOOKING VALUES ('C',302,'G20', '10-Aug-21', '17-Aug-21', DEFAULT);
INSERT INTO BOOKING VALUES ('A',303,'G26','10-Apr-21', '12-Apr-21', DEFAULT);
INSERT INTO BOOKING VALUES ('B',304,'G17', '15-Jul-20', '12-Aug-20', DEFAULT);
INSERT INTO BOOKING VALUES ('C',305,'G17', '13-Jul-21', '20-Jul-21', DEFAULT);
INSERT INTO BOOKING VALUES ('B',101,'G15', '24-Jun-20', '1-Jul-20', DEFAULT);
INSERT INTO BOOKING VALUES ('A',102,'G15', '22-Jun-21', '29-Jun-21', DEFAULT);
INSERT INTO BOOKING VALUES ('C',103,'G18', '5-Aug-20', '12-Aug-20', DEFAULT);
INSERT INTO BOOKING VALUES ('A',104,'G18', '3-Aug-21', '10-Aug-21', DEFAULT);
INSERT INTO BOOKING VALUES ('B',105,'G18', '29-Jun-21', '6-Jul-21', DEFAULT);
INSERT INTO BOOKING VALUES ('A',201,'G7', '27-May-20', '3-Jun-20', DEFAULT);
INSERT INTO BOOKING VALUES ('C',202,'G7', '25-May-21', '1-Jun-21', DEFAULT);
INSERT INTO BOOKING VALUES ('C',203,'G18', '20-May-20', '27-May-20', DEFAULT);
INSERT INTO BOOKING VALUES ('A',204,'G18', '1-Jul-20', '8-Jul-20', DEFAULT);
INSERT INTO BOOKING VALUES ('B',205,'G18', '18-May-21', '25-May-21', DEFAULT);


/* Insert Family Records */

INSERT INTO FAMILY VALUES ('G1', 'Loni', 'daughter', '15-Aug-12');
INSERT INTO FAMILY VALUES ('G1', 'Lisa', 'daughter', '10-Jul-10');
INSERT INTO FAMILY VALUES ('G2', 'Tony', 'son', '2-Feb-11');
INSERT INTO FAMILY VALUES ('G2', 'Mia', 'daughter', '8-May-09');
INSERT INTO FAMILY VALUES ('G2', 'Billy', 'son', '30-Jan-07');
INSERT INTO FAMILY VALUES ('G3', 'Abby', 'daughter', '3-May-08');
INSERT INTO FAMILY VALUES ('G4', 'Tim', 'son', '10-Nov-10');
INSERT INTO FAMILY VALUES ('G4', 'Jarod', 'son', '10-Nov-10');
INSERT INTO FAMILY VALUES ('G5', 'Julie', 'daughter', '9-Jul-04');
INSERT INTO FAMILY VALUES ('G5', 'Helen', 'daughter', '14-Jun-06');
INSERT INTO FAMILY VALUES ('G5', 'Casey', 'son', '5-Dec-11');
INSERT INTO FAMILY VALUES ('G6', 'Jim', 'son', '17-Mar-05');
INSERT INTO FAMILY VALUES ('G7', 'Jenny', 'daughter', '7-Aug-03');
INSERT INTO FAMILY VALUES ('G7', 'Zoe', 'daughter', '18-Sep-05');
INSERT INTO FAMILY VALUES ('G7', 'Brittany', 'daughter', '18-Sep-05');
INSERT INTO FAMILY VALUES ('G7', 'Dan', 'son', '9-Mar-08');
INSERT INTO FAMILY VALUES ('G8', 'Frankie', 'son', '10-Jan-08');
INSERT INTO FAMILY VALUES ('G8', 'Hailey', 'daughter', '25-Apr-06');
INSERT INTO FAMILY VALUES ('G9', 'Harry', 'son', '30-Jul-11');
INSERT INTO FAMILY VALUES ('G9', 'Randy', 'son', '27-Mar-09');
INSERT INTO FAMILY VALUES ('G10', 'Kenny', 'son', '24-Nov-04');
INSERT INTO FAMILY VALUES ('G11', 'Lucy', 'daughter', '11-Nov-05');
INSERT INTO FAMILY VALUES ('G11', 'Louie', 'son', '31-Oct-07');
INSERT INTO FAMILY VALUES ('G11', 'Matt', 'son', '23-Aug-10');
INSERT INTO FAMILY VALUES ('G12', 'Nora', 'daughter', '16-Oct-02');
INSERT INTO FAMILY VALUES ('G12', 'Amy', 'daughter', '19-Apr-04');
INSERT INTO FAMILY VALUES ('G12', 'Logan', 'son', '7-Jun-06');
INSERT INTO FAMILY VALUES ('G12', 'Noah', 'son', '4-Oct-08');
INSERT INTO FAMILY VALUES ('G12', 'Carter', 'son', '2-Feb-02');
INSERT INTO FAMILY VALUES ('G13', 'Tammy', 'daughter', '14-Sep-05');
INSERT INTO FAMILY VALUES ('G13', 'Randi', 'daughter', '10-Mar-07');
INSERT INTO FAMILY VALUES ('G14', 'Tyler', 'son', '2-Aug-02');
INSERT INTO FAMILY VALUES ('G14', 'Dani', 'daughter', '14-Jun-05');
INSERT INTO FAMILY VALUES ('G14', 'Miles', 'son', '21-Apr-06');
INSERT INTO FAMILY VALUES ('G15', 'Brody', 'son', '18-Feb-08');
INSERT INTO FAMILY VALUES ('G15', 'Ian', 'son', '7-Oct-06');
INSERT INTO FAMILY VALUES ('G16', 'Emily', 'daughter', '24-Dec-02');
INSERT INTO FAMILY VALUES ('G17', 'Riley', 'daughter', '3-Nov-05');
INSERT INTO FAMILY VALUES ('G18', 'Nate', 'son', '16-May-07');
INSERT INTO FAMILY VALUES ('G18', 'Cooper', 'son', '14-Aug-05');
INSERT INTO FAMILY VALUES ('G18', 'Chloe', 'daughter', '1-Feb-03');
INSERT INTO FAMILY VALUES ('G18','Zach', 'son', '26-May-02');
INSERT INTO FAMILY VALUES ('G19', 'Lori', 'daughter', '19-Jul-03');
INSERT INTO FAMILY VALUES ('G19', 'Joe', 'son', '11-Jan-06');
INSERT INTO FAMILY VALUES ('G19', 'David', 'son', '30-Mar-09');
INSERT INTO FAMILY VALUES ('G20', 'Madison', 'daughter', '19-Apr-05');
INSERT INTO FAMILY VALUES ('G20', 'Judy', 'daughter', '9-Jul-08');
INSERT INTO FAMILY VALUES ('G20', 'Max', 'son', '26-Jun-10');
INSERT INTO FAMILY VALUES ('G21', 'Sara', 'daughter', '3-May-02');
INSERT INTO FAMILY VALUES ('G21', 'Grayson', 'son', '25-Jan-04');
INSERT INTO FAMILY VALUES ('G22', 'Andy', 'son', '22-Feb-11');
INSERT INTO FAMILY VALUES ('G23', 'Avery', 'daughter', '15-Jul-04');
INSERT INTO FAMILY VALUES ('G23', 'Vicky', 'daughter', '22-May-05');
INSERT INTO FAMILY VALUES ('G23', 'Mackenzie', 'daughter', '3-Aug-08');
INSERT INTO FAMILY VALUES ('G23', 'Jake', 'son', '15-Sep-11');


/* Insert Reservation Records */

INSERT INTO RESERVATION VALUES ( 'G1', 'H1', 'AM01', '23-May-20',4);
INSERT INTO RESERVATION VALUES ( 'G1', 'R2', 'MC01', '27-Jul-20',4);
INSERT INTO RESERVATION VALUES ( 'G2', 'B3', 'RH01', '30-May-20',5);
INSERT INTO RESERVATION VALUES ( 'G2', 'R8', 'BR01', '2-Jul-20',5);
INSERT INTO RESERVATION VALUES ( 'G4', 'R8', 'BR01', '2-Jul-20',4);
INSERT INTO RESERVATION VALUES ( 'G5', 'HB2', 'MR01', '10-Aug-20',5);
INSERT INTO RESERVATION VALUES ( 'G6', 'B9', 'UG01', '13-Jul-20',3);
INSERT INTO RESERVATION VALUES ( 'G6', 'R5', 'DH01', '15-Aug-20',3);
INSERT INTO RESERVATION VALUES ( 'G7', 'H3', 'DH01', '27-May-20',6);
INSERT INTO RESERVATION VALUES ( 'G21', 'H7', 'RH01', '13-Jul-20',4);
INSERT INTO RESERVATION VALUES ( 'G18', 'HB5', 'KS02', '21-May-20',6);
INSERT INTO RESERVATION VALUES ( 'G11', 'H3', 'DH01', '12-Jun-20',5);
INSERT INTO RESERVATION VALUES ( 'G19', 'H1', 'AM01', '23-May-20',5);
INSERT INTO RESERVATION VALUES ( 'G14', 'R1', 'KS03', '27-Jun-20',5);
INSERT INTO RESERVATION VALUES ( 'G17', 'HB5', 'KS02', '16-Jul-20',3);
INSERT INTO RESERVATION VALUES ( 'G16', 'R8', 'BR01', '2-Jul-20',3);
INSERT INTO RESERVATION VALUES ( 'G20', 'HB3', 'RH01', '2-Jun-20',5);
INSERT INTO RESERVATION VALUES ( 'G22', 'R2', 'MC01', '16-Jun-20',3);
INSERT INTO RESERVATION VALUES ( 'G4', 'B8', 'GZ01', '23-Jun-20',4);
INSERT INTO RESERVATION VALUES ( 'G23', 'H4', 'GZ01', '09-Jul-20',6);
INSERT INTO RESERVATION VALUES ( 'G14', 'B4', 'SL01', '12-Jun-20',5);
INSERT INTO RESERVATION VALUES ( 'G10', 'R6', 'GZ01', '21-Jun-20',3);
INSERT INTO RESERVATION VALUES ( 'G16', 'B2', 'MR01', '11-Jul-20',3);
INSERT INTO RESERVATION VALUES ( 'G8', 'H3', 'DH01', '25-Jun-20',4);
INSERT INTO RESERVATION VALUES ( 'G12', 'HB1', 'KS02', '28-Jul-20',7);
INSERT INTO RESERVATION VALUES ( 'G18', 'R1', 'KS03', '20-May-20',6);
INSERT INTO RESERVATION VALUES ( 'G17', 'R1', 'KS03', '19-Jul-20',3);
INSERT INTO RESERVATION VALUES ( 'G15', 'R7', 'KS01', '7-Jul-20',4);
INSERT INTO RESERVATION VALUES ( 'G21', 'B5', 'UG01', '14-Jul-20',4);
INSERT INTO RESERVATION VALUES ( 'G13', 'HB5', 'KS02', '21-Jul-20',4);
INSERT INTO RESERVATION VALUES ( 'G22', 'B6', 'UG01', '8-Aug-20',3);
INSERT INTO RESERVATION VALUES ( 'G1', 'HB1', 'KS02', '23-Jul-20',4);
INSERT INTO RESERVATION VALUES ( 'G19', 'B4', 'SL01', '14-Jul-20',5);
INSERT INTO RESERVATION VALUES ( 'G18', 'B6', 'UG01', '1-Jul-20',6);
INSERT INTO RESERVATION VALUES ( 'G10', 'R6', 'GZ01', '16-Aug-20',3);
INSERT INTO RESERVATION VALUES ( 'G15', 'H4', 'GZ01', '09-Aug-20',4);
INSERT INTO RESERVATION VALUES ( 'G13', 'B2', 'MR01', '31-Jul-20',4);
INSERT INTO RESERVATION VALUES ( 'G8', 'HB1', 'KS02', '24-Aug-20',4);
INSERT INTO RESERVATION VALUES ( 'G6', 'R5', 'DH01', '18-Aug-20',3);
INSERT INTO RESERVATION VALUES ( 'G18', 'R8', 'BR01', '10-Aug-20',6);
INSERT INTO RESERVATION VALUES ( 'G5', 'R8', 'BR01', '10-Aug-20',5);
INSERT INTO RESERVATION VALUES ( 'G23', 'HB4', 'KS03', '28-Aug-20',6);
INSERT INTO RESERVATION VALUES ( 'G16', 'B9', 'UG01', '8-Aug-20',3);
INSERT INTO RESERVATION VALUES ( 'G14', 'H7', 'RH01', '20-Aug-20',5);
INSERT INTO RESERVATION VALUES ( 'G19', 'R3', 'AM01', '28-Aug-20',5);
INSERT INTO RESERVATION VALUES ( 'G22', 'R3', 'AM01', '28-Aug-20',3);
INSERT INTO RESERVATION VALUES ( 'G21', 'B4', 'SL01', '2-Aug-20',4);
INSERT INTO RESERVATION VALUES ( 'G10', 'H3', 'DH01', '20-Aug-20',3);
INSERT INTO RESERVATION VALUES ( 'G13', 'H8', 'MC01', '16-Aug-20',4);
INSERT INTO RESERVATION VALUES ( 'G1', 'H1', 'AM01', '21-May-21',4);
INSERT INTO RESERVATION VALUES ( 'G1', 'R2', 'MC01', '25-Jul-21',4);
INSERT INTO RESERVATION VALUES ( 'G2', 'B3', 'RH01', '28-May-21',5);
INSERT INTO RESERVATION VALUES ( 'G2', 'R8', 'BR01', '2-Jul-21',5);
INSERT INTO RESERVATION VALUES ( 'G4', 'R8', 'BR01', '2-Jul-21',4);
INSERT INTO RESERVATION VALUES ( 'G5', 'HB2', 'MR01', '8-Aug-21',5);
INSERT INTO RESERVATION VALUES ( 'G6', 'B9', 'UG01', '11-Jul-21',3);
INSERT INTO RESERVATION VALUES ( 'G6', 'R5', 'DH01', '13-Aug-21',3);
INSERT INTO RESERVATION VALUES ( 'G7', 'H3', 'DH01', '27-May-21',6);
INSERT INTO RESERVATION VALUES ( 'G21', 'H7', 'RH01', '11-Jul-21',4);
INSERT INTO RESERVATION VALUES ( 'G18', 'HB5', 'KS02', '19-May-21',6);
INSERT INTO RESERVATION VALUES ( 'G11', 'H3', 'DH01', '10-Jun-21',5);
INSERT INTO RESERVATION VALUES ( 'G19', 'H1', 'AM01', '21-May-21',5);
INSERT INTO RESERVATION VALUES ( 'G14', 'R1', 'KS03', '25-Jun-21',5);
INSERT INTO RESERVATION VALUES ( 'G17', 'HB5', 'KS02', '14-Jul-21',3);
INSERT INTO RESERVATION VALUES ( 'G16', 'R8', 'BR01', '2-Jul-21',3);
INSERT INTO RESERVATION VALUES ( 'G20', 'HB3', 'RH01', '2-Jun-21',5);
INSERT INTO RESERVATION VALUES ( 'G22', 'R2', 'MC01', '14-Jun-21',3);
INSERT INTO RESERVATION VALUES ( 'G4', 'B8', 'GZ01', '21-Jun-21',4);
INSERT INTO RESERVATION VALUES ( 'G23', 'H4', 'GZ01', '07-Jul-21',6);
INSERT INTO RESERVATION VALUES ( 'G14', 'B4', 'SL01', '10-Jun-21',5);
INSERT INTO RESERVATION VALUES ( 'G10', 'R6', 'GZ01', '19-Jun-21',3);
INSERT INTO RESERVATION VALUES ( 'G16', 'B2', 'MR01', '9-Jul-21',3);
INSERT INTO RESERVATION VALUES ( 'G8', 'H3', 'DH01', '23-Jun-21',4);
INSERT INTO RESERVATION VALUES ( 'G12', 'HB1', 'KS02', '26-Jul-21',7);
INSERT INTO RESERVATION VALUES ( 'G18', 'R1', 'KS03', '19-May-21',6);
INSERT INTO RESERVATION VALUES ( 'G17', 'R1', 'KS03', '17-Jul-21',3);
INSERT INTO RESERVATION VALUES ( 'G15', 'R7', 'KS01', '5-Jul-21',4);
INSERT INTO RESERVATION VALUES ( 'G21', 'B5', 'UG01', '12-Jul-21',4);
INSERT INTO RESERVATION VALUES ( 'G13', 'HB5', 'KS02', '19-Jul-21',4);
INSERT INTO RESERVATION VALUES ( 'G22', 'B6', 'UG01', '6-Aug-21',3);
INSERT INTO RESERVATION VALUES ( 'G1', 'HB1', 'KS02', '21-Jul-21',4);
INSERT INTO RESERVATION VALUES ( 'G19', 'B4', 'SL01', '12-Jul-21',5);
INSERT INTO RESERVATION VALUES ( 'G18', 'B6', 'UG01', '1-Jul-21',6);
INSERT INTO RESERVATION VALUES ( 'G10', 'R6', 'GZ01', '14-Aug-21',3);
INSERT INTO RESERVATION VALUES ( 'G15', 'H4', 'GZ01', '07-Aug-21',4);
INSERT INTO RESERVATION VALUES ( 'G13', 'B2', 'MR01', '29-Jul-21',4);
INSERT INTO RESERVATION VALUES ( 'G8', 'HB1', 'KS02', '22-Aug-21',4);
INSERT INTO RESERVATION VALUES ( 'G6', 'R5', 'DH01', '16-Aug-21',3);
INSERT INTO RESERVATION VALUES ( 'G18', 'R8', 'BR01', '8-Aug-21',6);
INSERT INTO RESERVATION VALUES ( 'G5', 'R8', 'BR01', '8-Aug-21',5);
INSERT INTO RESERVATION VALUES ( 'G23', 'HB4', 'KS03', '26-Aug-21',6);
INSERT INTO RESERVATION VALUES ( 'G16', 'B9', 'UG01', '6-Aug-21',3);
INSERT INTO RESERVATION VALUES ( 'G14', 'H7', 'RH01', '18-Aug-21',5);
INSERT INTO RESERVATION VALUES ( 'G19', 'R3', 'AM01', '26-Aug-21',5);
INSERT INTO RESERVATION VALUES ( 'G22', 'R3', 'AM01', '26-Aug-21',3);
INSERT INTO RESERVATION VALUES ( 'G21', 'B4', 'SL01', '2-Aug-21',4);
INSERT INTO RESERVATION VALUES ( 'G10', 'H3', 'DH01', '18-Aug-21',3);
INSERT INTO RESERVATION VALUES ( 'G13', 'H8', 'MC01', '14-Aug-21',4);


/* Insert Cleaning Records */

INSERT INTO CLEANING VALUES ('A',101, 'AJ01', '3-Jun-20');
INSERT INTO CLEANING VALUES ('A',102, 'JH01', '8-Jul-20');
INSERT INTO CLEANING VALUES ('A',103, 'MC02', '3-Jun-20');
INSERT INTO CLEANING VALUES ('A',104, 'AJ01', '10-Jun-20');
INSERT INTO CLEANING VALUES ('A',105, 'ES01', '24-Jun-20');
INSERT INTO CLEANING VALUES ('B',101, 'GB01', '8-Jul-20');
INSERT INTO CLEANING VALUES ('B',102, 'HF01', '27-May-20');
INSERT INTO CLEANING VALUES ('B',103, 'JP01', '17-Jun-20');
INSERT INTO CLEANING VALUES ('B',104, 'AJ01', '17-Jun-20');
INSERT INTO CLEANING VALUES ('B',105, 'JH01', '10-Jun-20');
INSERT INTO CLEANING VALUES ('C',101, 'MC02', '27-May-20');
INSERT INTO CLEANING VALUES ('C',102, 'ES01', '8-Jul-20');
INSERT INTO CLEANING VALUES ('C',103, 'GB01', '24-Jun-20');
INSERT INTO CLEANING VALUES ('C',104, 'HF01', '17-Jun-20');
INSERT INTO CLEANING VALUES ('C',105, 'JP01', '27-May-20');
INSERT INTO CLEANING VALUES ('A',101, 'AJ01', '1-Jul-20');
INSERT INTO CLEANING VALUES ('A',102, 'JH01', '12-Aug-20');
INSERT INTO CLEANING VALUES ('A',103, 'MC02', '1-Jul-20');
INSERT INTO CLEANING VALUES ('A',104, 'TM01', '1-Jul-20');
INSERT INTO CLEANING VALUES ('A',105, 'ES01', '15-Jul-20');
INSERT INTO CLEANING VALUES ('B',101, 'GB01', '15-Jul-20');
INSERT INTO CLEANING VALUES ('B',102, 'HF01', '10-Jun-20');
INSERT INTO CLEANING VALUES ('B',103, 'JP01', '8-Jul-20');
INSERT INTO CLEANING VALUES ('B',104, 'AJ01', '15-Jul-20');
INSERT INTO CLEANING VALUES ('B',105, 'JH01', '1-Jul-20');
INSERT INTO CLEANING VALUES ('C',101, 'MC02', '10-Jun-20');
INSERT INTO CLEANING VALUES ('C',102, 'HF01', '24-Jun-20');
INSERT INTO CLEANING VALUES ('C',103, 'ES01', '29-Jul-20');
INSERT INTO CLEANING VALUES ('C',104, 'GB01', '22-Jul-20');
INSERT INTO CLEANING VALUES ('C',105, 'HF01', '22-Jul-20');
INSERT INTO CLEANING VALUES ('A',101, 'JP01', '22-Jul-20');
INSERT INTO CLEANING VALUES ('A',102, 'AJ01', '8-Jul-20');
INSERT INTO CLEANING VALUES ('A',103, 'JH01', '19-Aug-20');
INSERT INTO CLEANING VALUES ('A',104, 'MC02', '15-Jul-20');
INSERT INTO CLEANING VALUES ('A',105, 'TM01', '8-Jul-20');
INSERT INTO CLEANING VALUES ('B',101, 'ES01', '27-May-20');
INSERT INTO CLEANING VALUES ('B',102, 'GB01', '29-Jul-20');
INSERT INTO CLEANING VALUES ('B',103, 'HF01', '8-Jul-20');
INSERT INTO CLEANING VALUES ('B',104, 'JP01', '24-Jun-20');
INSERT INTO CLEANING VALUES ('B',105, 'AJ01', '17-Jun-20');
INSERT INTO CLEANING VALUES ('C',101, 'JH01', '2-Sep-20');
INSERT INTO CLEANING VALUES ('C',102, 'MC02', '29-Jul-20');
INSERT INTO CLEANING VALUES ('C',103, 'TM01', '22-Jul-20');
INSERT INTO CLEANING VALUES ('C',104, 'ES01', '8-Jul-20');
INSERT INTO CLEANING VALUES ('C',105, 'GB01', '8-Jul-20');
INSERT INTO CLEANING VALUES ('A',101, 'HF01', '5-Aug-20');
INSERT INTO CLEANING VALUES ('A',102, 'JP01', '15-Jul-20');
INSERT INTO CLEANING VALUES ('A',103, 'AJ01', '15-Jul-20');
INSERT INTO CLEANING VALUES ('A',104, 'MC02', '27-May-20');
INSERT INTO CLEANING VALUES ('A',105, 'TM01', '8-Jul-20');
INSERT INTO CLEANING VALUES ('B',101, 'ES01', '15-Jul-20');
INSERT INTO CLEANING VALUES ('B',102, 'GB01', '27-May-20');
INSERT INTO CLEANING VALUES ('B',103, 'HF01', '12-Aug-20');
INSERT INTO CLEANING VALUES ('B',104, 'JP01', '24-Jun-20');
INSERT INTO CLEANING VALUES ('B',105, 'AJ01', '12-Aug-20');
INSERT INTO CLEANING VALUES ('C',101, 'MC02', '15-Jul-20');
INSERT INTO CLEANING VALUES ('C',102, 'TM01', '29-Jul-20');
INSERT INTO CLEANING VALUES ('C',103, 'ES01', '27-May-20');
INSERT INTO CLEANING VALUES ('C',104, 'GB01', '12-Aug-20');
INSERT INTO CLEANING VALUES ('C',105, 'JP01', '5-Aug-20');
INSERT INTO CLEANING VALUES ('A',301, 'MC02', '5-Aug-20');
INSERT INTO CLEANING VALUES ('A',302, 'MC02', '19-Aug-20');
INSERT INTO CLEANING VALUES ('A',303, 'TM01', '12-Aug-20');
INSERT INTO CLEANING VALUES ('A',304, 'ES01', '12-Aug-20');
INSERT INTO CLEANING VALUES ('A',305, 'GB01', '5-Aug-20');
INSERT INTO CLEANING VALUES ('B',301, 'JP01', '24-Jun-20');
INSERT INTO CLEANING VALUES ('B',302, 'MC02', '8-Jul-20');
INSERT INTO CLEANING VALUES ('B',303, 'JP01', '19-Aug-20');
INSERT INTO CLEANING VALUES ('B',304, 'ES01', '5-Aug-20');
INSERT INTO CLEANING VALUES ('B',305, 'MC02', '12-Aug-20');
INSERT INTO CLEANING VALUES ('C',301, 'ES01', '26-Aug-20');
INSERT INTO CLEANING VALUES ('C',302, 'JP01', '19-Aug-20');
INSERT INTO CLEANING VALUES ('C',303, 'JP01', '26-Aug-20');
INSERT INTO CLEANING VALUES ('C',304, 'MC02', '19-Aug-20');
INSERT INTO CLEANING VALUES ('C',305, 'TM01', '2-Sep-20');
INSERT INTO CLEANING VALUES ('A',101, 'ES01', '2-Sep-20');
INSERT INTO CLEANING VALUES ('A',102, 'GB01', '2-Sep-20');
INSERT INTO CLEANING VALUES ('A',103, 'ES01', '19-Aug-20');
INSERT INTO CLEANING VALUES ('A',104, 'JP01', '26-Aug-20');
INSERT INTO CLEANING VALUES ('A',105, 'MC02', '2-Sep-20');
INSERT INTO CLEANING VALUES ('B',101, 'TM01', '2-Sep-20');
INSERT INTO CLEANING VALUES ('B',102, 'ES01', '5-Aug-20');
INSERT INTO CLEANING VALUES ('B',103, 'MC02', '26-Aug-20');
INSERT INTO CLEANING VALUES ('B',104, 'MC02', '19-Aug-20');
INSERT INTO CLEANING VALUES ('B',105, 'AJ01', '1-Jun-21');
INSERT INTO CLEANING VALUES ('C',101, 'JH01', '6-Jul-21');
INSERT INTO CLEANING VALUES ('C',102, 'MC02', '1-Jun-21');
INSERT INTO CLEANING VALUES ('C',103, 'AJ01', '8-Jun-21');
INSERT INTO CLEANING VALUES ('C',104, 'ES01', '22-Jun-21');
INSERT INTO CLEANING VALUES ('C',105, 'GB01', '6-Jul-21');
INSERT INTO CLEANING VALUES ('A',101, 'HF01', '25-May-21');
INSERT INTO CLEANING VALUES ('A',102, 'JP01', '15-Jun-21');
INSERT INTO CLEANING VALUES ('A',103, 'AJ01', '15-Jun-21');
INSERT INTO CLEANING VALUES ('A',104, 'JH01', '8-Jun-21');
INSERT INTO CLEANING VALUES ('A',105, 'MC02', '25-May-21');
INSERT INTO CLEANING VALUES ('B',101, 'JH01', '29-Jun-21');
INSERT INTO CLEANING VALUES ('B',102, 'ES01', '6-Jul-21');
INSERT INTO CLEANING VALUES ('B',103, 'GB01', '22-Jun-21');
INSERT INTO CLEANING VALUES ('B',104, 'HF01', '15-Jun-21');
INSERT INTO CLEANING VALUES ('B',105, 'JP01', '25-May-21');
INSERT INTO CLEANING VALUES ('C',101, 'AJ01', '29-Jun-21');
INSERT INTO CLEANING VALUES ('C',102, 'JH01', '10-Aug-21');
INSERT INTO CLEANING VALUES ('C',103, 'MC02', '29-Jun-21');
INSERT INTO CLEANING VALUES ('C',104, 'TM01', '29-Jun-21');
INSERT INTO CLEANING VALUES ('C',105, 'ES01', '13-Jul-21');
INSERT INTO CLEANING VALUES ('A',101, 'GB01', '13-Jul-21');
INSERT INTO CLEANING VALUES ('A',102, 'HF01', '8-Jun-21');
INSERT INTO CLEANING VALUES ('A',103, 'JP01', '6-Jul-21');
INSERT INTO CLEANING VALUES ('A',104, 'AJ01', '13-Jul-21');
INSERT INTO CLEANING VALUES ('A',105, 'JH01', '29-Jun-21');
INSERT INTO CLEANING VALUES ('B',101, 'MC02', '8-Jun-21');
INSERT INTO CLEANING VALUES ('B',102, 'HF01', '22-Jun-21');
INSERT INTO CLEANING VALUES ('B',103, 'ES01', '27-Jul-21');
INSERT INTO CLEANING VALUES ('B',104, 'GB01', '20-Jul-21');
INSERT INTO CLEANING VALUES ('B',105, 'HF01', '20-Jul-21');
INSERT INTO CLEANING VALUES ('C',101, 'JP01', '20-Jul-21');
INSERT INTO CLEANING VALUES ('C',102, 'AJ01', '6-Jul-21');
INSERT INTO CLEANING VALUES ('C',103, 'JH01', '17-Aug-21');
INSERT INTO CLEANING VALUES ('C',104, 'MC02', '13-Jul-21');
INSERT INTO CLEANING VALUES ('C',105, 'TM01', '6-Jul-21');
INSERT INTO CLEANING VALUES ('A',201, 'ES01', '25-May-21');
INSERT INTO CLEANING VALUES ('A',202, 'GB01', '27-Jul-21');
INSERT INTO CLEANING VALUES ('A',203, 'HF01', '6-Jul-21');
INSERT INTO CLEANING VALUES ('A',204, 'JP01', '22-Jun-21');
INSERT INTO CLEANING VALUES ('A',205, 'AJ01', '15-Jun-21');
INSERT INTO CLEANING VALUES ('B',201, 'JH01', '31-Aug-21');
INSERT INTO CLEANING VALUES ('B',202, 'MC02', '27-Jul-21');
INSERT INTO CLEANING VALUES ('B',203, 'TM01', '20-Jul-21');
INSERT INTO CLEANING VALUES ('B',204, 'ES01', '6-Jul-21');
INSERT INTO CLEANING VALUES ('B',205, 'GB01', '6-Jul-21');
INSERT INTO CLEANING VALUES ('C',201, 'HF01', '3-Aug-21');
INSERT INTO CLEANING VALUES ('C',202, 'JP01', '13-Jul-21');
INSERT INTO CLEANING VALUES ('C',203, 'AJ01', '13-Jul-21');
INSERT INTO CLEANING VALUES ('C',204, 'MC02', '25-May-21');
INSERT INTO CLEANING VALUES ('C',205, 'TM01', '6-Jul-21');
INSERT INTO CLEANING VALUES ('A',201, 'ES01', '13-Jul-21');
INSERT INTO CLEANING VALUES ('A',202, 'GB01', '25-May-21');
INSERT INTO CLEANING VALUES ('A',203, 'HF01', '10-Aug-21');
INSERT INTO CLEANING VALUES ('A',204, 'JP01', '22-Jun-21');
INSERT INTO CLEANING VALUES ('A',205, 'AJ01', '10-Aug-21');
INSERT INTO CLEANING VALUES ('B',201, 'MC02', '13-Jul-21');
INSERT INTO CLEANING VALUES ('B',202, 'TM01', '27-Jul-21');
INSERT INTO CLEANING VALUES ('B',203, 'ES01', '25-May-21');
INSERT INTO CLEANING VALUES ('B',204, 'GB01', '10-Aug-21');
INSERT INTO CLEANING VALUES ('B',205, 'JP01', '3-Aug-21');
INSERT INTO CLEANING VALUES ('C',201, 'MC02', '3-Aug-21');
INSERT INTO CLEANING VALUES ('C',202, 'MC02', '17-Aug-21');
INSERT INTO CLEANING VALUES ('C',203, 'TM01', '10-Aug-21');
INSERT INTO CLEANING VALUES ('C',204, 'ES01', '10-Aug-21');
INSERT INTO CLEANING VALUES ('C',205, 'GB01', '3-Aug-21');
INSERT INTO CLEANING VALUES ('A',301, 'JP01', '22-Jun-21');
INSERT INTO CLEANING VALUES ('A',302, 'MC02', '6-Jul-21');
INSERT INTO CLEANING VALUES ('A',303, 'JP01', '17-Aug-21');
INSERT INTO CLEANING VALUES ('A',304, 'ES01', '3-Aug-21');
INSERT INTO CLEANING VALUES ('A',305, 'MC02', '10-Aug-21');
INSERT INTO CLEANING VALUES ('B',301, 'ES01', '24-Aug-21');
INSERT INTO CLEANING VALUES ('B',302, 'JP01', '17-Aug-21');
INSERT INTO CLEANING VALUES ('B',303, 'JP01', '24-Aug-21');
INSERT INTO CLEANING VALUES ('B',304, 'MC02', '17-Aug-21');
INSERT INTO CLEANING VALUES ('B',305, 'TM01', '31-Aug-21');
INSERT INTO CLEANING VALUES ('C',301, 'ES01', '31-Aug-21');
INSERT INTO CLEANING VALUES ('C',302, 'GB01', '31-Aug-21');
INSERT INTO CLEANING VALUES ('C',303, 'ES01', '17-Aug-21');
INSERT INTO CLEANING VALUES ('C',304, 'JP01', '24-Aug-21');
INSERT INTO CLEANING VALUES ('C',305, 'MC02', '31-Aug-21');
INSERT INTO CLEANING VALUES ('A',201, 'TM01', '31-Aug-21');
INSERT INTO CLEANING VALUES ('A',202, 'ES01', '3-Aug-21');
INSERT INTO CLEANING VALUES ('A',203, 'MC02', '24-Aug-21');
INSERT INTO CLEANING VALUES ('A',204, 'MC02', '17-Aug-21');